Record Number,Building Use,Property Address,CO Issue Date,Occupancy Classification,Square Footage,Number of Stories,Parcel Status
PB01-02745,Education,3504 KIM BO RD,07/08/2003,F-1,0,1,A
PB01-02745,Education,3504 KIM BO RD,07/08/2003,A-2,0,1,A
PB01-02745,Education,3504 KIM BO RD,07/08/2003,A-3,0,1,A
PB01-02745,Education,3504 KIM BO RD,07/08/2003,E,62770,1,A
PB01-03402,Education,519 E BUTLER ST,02/04/2004,B,0,2,A
PB01-03402,Education,519 E BUTLER ST,02/04/2004,E,16146,2,A
PB01-03798,Education,9450 RAY WHITE RD,02/05/2004,E,20020,1,A
PB01-04625,Education,2000 PARK PLACE AVE,02/04/2004,A,0,2,A
PB01-04625,Education,2000 PARK PLACE AVE,02/04/2004,E,27449,2,A
PB01-04954,Education,958 PAGE ST,07/02/2004,E,247,2,A
PB01-04955,Education,958 PAGE ST,07/02/2004,A-3,0,2,A
PB01-04955,Education,958 PAGE ST,07/02/2004,E,0,2,A
PB01-06010,Education,6817 CUMBERLAND RD,11/18/2003,E,20941,0,A
PB02-01161,Education,4630 M CPHERSON BLVD,02/23/2004,E,119630,0,A
PB02-01801,Education,5700 RAM EY AVE,01/22/2004,M,430,1,A
PB02-01859,Education,3600 WEBER ST,05/15/2003,E,9935,0,A
PB02-01871,Education,6101 M C CART AVE,12/08/2003,E,255,0,A
PB02-01872,Education,6101 M C CART AVE,12/08/2003,E,505,0,A
PB02-01874,Education,6101 M C CART AVE,12/08/2003,E,255,0,A
PB02-01982,Education,3301 YUCCA AVE,08/26/2004,E,7013,0,A
PB02-01983,Education,3301 YUCCA AVE,08/26/2004,A-2,1647,0,A
PB02-02234,Education,3001 AZLE AVE,09/22/2004,E,18260,0,A
PB02-03615,Education,3201 SOUTH HILLS AVE,03/07/2003,E,4136,1,A
PB02-03885,Education,3816 STADIUM  DR,06/02/2003,E,7926,1,A
PB02-04834,Education,3908 M C CART AVE,05/07/2004,E,4169,0,A
PB02-04958,Education,4300 CLAY AVE,01/15/2004,A-2,6098,0,A
PB02-05502,Education,2301 TEXAN DR,01/08/2003,E,3210,1,A
PB02-05502,Education,2301 TEXAN DR,01/08/2003,A-4,13000,1,A
PB02-05562,Education,2301 TEXAN DR,02/04/2003,B,140,1,A
PB02-05572,Education,2301 TEXAN DR,02/04/2003,U,1474,10,A
PB02-06114,Education,401 SAM UELS AVE,05/10/2005,E,922,0,A
PB02-06115,Education,401 SAM UELS AVE,05/10/2005,E,4386,0,A
PB02-06118,Education,709 NW 21ST ST,07/02/2004,E,2400,3,A
PB02-06602,Education,2300 HEM PHILL ST,05/04/2004,A-3,6335,0,A
PB02-06860,Education,3001 FOREST PARK BLVD,04/08/2004,M,300,0,A
PB02-08631,Education,6250 SOUTH FWY,08/17/2003,E,551,0,A
PB02-09706,Education,9700 SAINTS CIR,11/04/2003,A-3,7342,1,A
PB02-12752,Education,2805 LAREDO DR,10/29/2004,E,20066,1,A
PB02-13222,Education,3700 W BERRY ST,02/05/2003,A-5,288,2,A
PB02-13489,Education,3604 CIM MARON TRL,08/10/2004,E,21346,1,A
PB03-00645,Education,2801 COUNTRY CREEK LN,10/13/2003,E,7808,0,A
PB03-00648,Education,6651 OAKM ONT TRL,09/04/2003,U,2773,1,A
PB03-00648,Education,6651 OAKM ONT TRL,09/04/2003,E,3062,1,A
PB03-04411,Education,701 AM ERICAN FLYER BLVD,01/12/2004,E,14812,2,A
PB03-05655,Education,3301 YUCCA AVE,01/13/2004,A-5,430,1,A
PB03-07016,Education,8601 RANDOL M ILL RD,02/05/2020,E,10891,0,A
PB03-07144,Education,3000 STADIUM  DR,05/05/2004,A-3,24850,2,A
PB03-07427,Education,7148 TRAIL LAKE DR,08/18/2004,E,5064,1,A
PB04-02342,Education,1300 CONNER AVE,11/30/2006,E,209,1,A
PB04-02343,Education,1300 CONNER AVE,11/30/2006,A-3,2918,1,A
PB04-02344,Education,1300 CONNER AVE,11/30/2006,E,11020,1,A
PB04-10831,Education,2800 S UNIVERSITY DR,12/21/2004,A-3,4333,0,A
PB04-11021,Education,9601 N NORM ANDALE ST,07/28/2005,F-1,864,0,A
PB04-13014,Education,2200 TEXAN DR,09/07/2005,E,20790,0,A
PB04-13923,Education,1937 TEXAN DR,08/25/2005,A-5,29114,2,A
PB04-14599,Education,3800 W RISINGER RD,02/13/2007,E,21500,0,A
PB05-02257,Education,5805 W BAILEY BOSWELL RD,05/25/2006,B,74,0,A
PB05-02257,Education,5805 W BAILEY BOSWELL RD,05/25/2006,B,198,0,A
PB05-02257,Education,5805 W BAILEY BOSWELL RD,05/25/2006,B,1460,0,A
PB05-02257,Education,5805 W BAILEY BOSWELL RD,05/25/2006,B,114,0,A
PB05-02543,Education,3420 W RISINGER RD,03/23/2006,I-4,9943,0,A
PB05-05143,Education,9729 SAINTS CIR S,06/08/2006,E,31200,0,A
PB05-07086,Education,2722 W BERRY ST,10/05/2005,B,13468,0,A
PB05-08714,Education,2701 BURCHILL RD,12/05/2005,E,1536,0,A
PB05-11560,Education,5400 SHIVER RD,08/04/2006,E,81418,0,A
PB05-11560,Education,5400 SHIVER RD,08/04/2006,E,81418,0,A
PB05-11561,Education,11773 BRAY BIRCH DR,08/04/2006,E,81418,0,A
PB05-11561,Education,11773 BRAY BIRCH DR,08/04/2006,E,81418,0,A
PB05-13061,Education,4117 KELLER HICKS RD,06/15/2006,I-4,18602,0,A
PB05-16348,Education,501 OAKLAND BLVD,12/11/2006,A-3,3521,0,A
PB05-16348,Education,501 OAKLAND BLVD,12/11/2006,B,0,0,A
PB05-16404,Education,12500 S PIPELINE RD,01/11/2007,E,8758,1,A
PB06-05460,Education,3102 M AIN DR,01/10/2008,R-2,48145,0,A
PB06-05460,Education,3102 M AIN DR,01/10/2008,A-3,1921,0,A
PB06-08435,Education,1112 WESLEYAN ST,01/22/2007,A-3,3350,0,A
PB06-12430,Education,10236 SUM MER CREEK DR,07/17/2008,E,142223,0,A
PB06-12430,Education,10236 SUM MER CREEK DR,07/17/2008,B,5268,0,A
PB06-12430,Education,10236 SUM MER CREEK DR,07/17/2008,A-2,11025,0,A
PB06-12430,Education,10236 SUM MER CREEK DR,07/17/2008,A-3,26359,0,A
PB06-14779,Education,1062 EVANS AVE,11/21/2008,A-3,12590,0,A
PB06-16387,Education,2901 STADIUM  DR,10/06/2008,M,4040,0,A
PB06-16387,Education,2901 STADIUM  DR,10/06/2008,A-2,41760,0,A
PB06-16387,Education,2901 STADIUM  DR,10/06/2008,A-3,39365,0,A
PB06-16387,Education,2901 STADIUM  DR,10/06/2008,B,51707,0,A
PB06-16509,Education,8901 OAK GROVE RD,06/03/2008,A-3,5363,1,A
PB06-16509,Education,8901 OAK GROVE RD,06/03/2008,E,10411,1,A
PB07-00313,Education,245 E BELKNAP ST,08/03/2011,B,67782,0,A
PB07-00316,Education,201 E BELKNAP ST,08/03/2011,B,48515,0,A
PB07-00356,Education,201 E BELKNAP ST,08/03/2011,A3,4601,0,A
PB07-01265,Education,5805 W BAILEY BOSWELL RD,01/15/2008,A-3,8540,0,A
PB07-01265,Education,5805 W BAILEY BOSWELL RD,01/15/2008,E,800,0,A
PB07-01265,Education,5805 W BAILEY BOSWELL RD,01/15/2008,A-3,2250,0,A
PB07-01265,Education,5805 W BAILEY BOSWELL RD,01/15/2008,A-3,800,0,A
PB07-01265,Education,5805 W BAILEY BOSWELL RD,01/15/2008,A-3,11480,0,A
PB07-03433,Education,1216 DIAMONDBACK LN,08/22/2008,A-2,21808,0,A
PB07-03433,Education,1216 DIAMONDBACK LN,08/22/2008,E,59383,0,A
PB07-03680,Education,10525 M C CART AVE,02/18/2009,E,82495,0,A
PB07-03718,Education,2500 CANTRELL SANSOM RD,06/26/2008,A-3,14915,0,A
PB07-03718,Education,2500 CANTRELL SANSOM RD,06/26/2008,E,77105,0,A
PB07-04323,Education,4040 HERITAGE TRACE PKWY,11/26/2007,E,2718,0,A
PB07-04734,Education,13535 ALTA VISTA RD,10/10/2007,E,1472,1,A
PB07-04737,Education,13541 ALTA VISTA RD,10/10/2007,U,697,1,A
PB07-04738,Education,13523 ALTA VISTA RD,10/10/2007,E,1472,1,A
PB07-05201,Education,5301 CAM PUS DR,05/13/2008,B,16337,0,A
PB07-05201,Education,5301 CAM PUS DR,05/13/2008,B,3823,0,A
PB07-06867,Education,7600 LOWERY RD,11/12/2007,E,115,1,A
PB07-07273,Education,8350 PARKWOOD HILL BLVD,08/07/2008,E,16297,1,A
PB07-08615,Education,4200 COUNTRY DAY LN,08/18/2008,A-2,24849,1,A
PB07-10738,Education,12301 GREY TWIG DR,11/14/2008,E,96809,0,A
PB07-11236,Education,1601 COUNTRY MANOR RD,09/29/2008,E,6355,0,A
PB07-11304,Education,"6333 CAM P BOWIE BLVD, SUITE 260",01/22/2008,F-1,2284,1,A
PB07-12764,Education,3100 CLAY MOUNTAIN TRL,11/14/2008,E,92461,0,A
PB07-13371,Education,701 TIERRA VISTA WAY,01/29/2008,E,1504,0,A
PB07-13382,Education,3550 KELLER HICKS RD,11/17/2008,E,36136,0,A
PB07-13383,Education,3550 KELLER HICKS RD,11/14/2008,F-1,2103,0,A
PB08-01112,Education,6129 TEXAS SHINER DR,08/11/2009,E,152475,2,A
PB08-01112,Education,6129 TEXAS SHINER DR,08/11/2009,E,152475,2,A
PB08-01545,Education,12350 TIM BERLAND BLVD,04/13/2010,E,396117,2,A
PB08-01548,Education,12350 TIM BERLAND BLVD,04/05/2010,B,4581,1,A
PB08-02977,Education,4714 TOWNSEND DR,08/04/2009,R-2,6473,2,A
PB08-05348,Education,4200 COUNTRY DAY LN,10/17/2008,B,3075,0,A
PB08-05439,Education,2006 N HOUSTON ST,01/08/2010,E,12603,3,A
PB08-05439,Education,2006 N HOUSTON ST,01/08/2010,E,17253,3,A
PB08-05506,Education,3428 CLAYTON RD E,11/21/2008,A-3-3,1990,0,A
PB08-05619,Education,14081 WILLOW SPRINGS RD,07/23/2009,E,14903,1,A
PB08-06179,Education,285 OLD HWY 1187,03/13/2009,I-4,19985,2,A
PB08-06725,Education,8400 W CLEBURNE RD,11/18/2009,F-1,2736,1,A
PB08-06725,Education,8400 W CLEBURNE RD,11/18/2009,E,57504,1,A
PB08-06725,Education,8400 W CLEBURNE RD,11/18/2009,S-1,5104,1,A
PB08-06725,Education,8400 W CLEBURNE RD,11/18/2009,A-3,16286,1,A
PB08-07169,Education,16301 ELEM ENTARY DR,07/31/2009,A-2,21808,1,A
PB08-07169,Education,16301 ELEM ENTARY DR,07/31/2009,A-2,21808,1,A
PB08-07169,Education,16301 ELEM ENTARY DR,07/31/2009,E,59383,1,A
PB08-07169,Education,16301 ELEM ENTARY DR,07/31/2009,E,59383,1,A
PB08-07224,Education,4601 HUFFINES BLVD,06/10/2009,E,16281,1,A
PB08-08086,Education,10201 WAREHOUSE WAY,12/10/2009,S-1,8892,1,A
PB08-08998,Education,140 EXPEDITION DR,05/22/2009,U,322,1,A
PB08-08998,Education,140 EXPEDITION DR,05/22/2009,I-4,10685,1,A
PB08-10322,Education,901 BAURLINE ST,01/15/2009,E,1536,0,A
PB08-10324,Education,2501 COOKS LN,01/15/2009,E,1536,0,A
PB08-10514,Education,2200 TEXAN DR,08/20/2009,E,0,2,A
PB08-10514,Education,2200 TEXAN DR,08/20/2009,A-3,15792,2,A
PB08-10514,Education,2200 TEXAN DR,08/20/2009,S-1,0,2,A
PB08-11122,Education,824 HUDGINS AVE,01/29/2010,E,11981,0,A
PB08-11341,Education,4200 COUNTRY DAY LN,03/23/2009,A-3,4800,0,A
PB08-11429,Education,4200 COUNTRY DAY LN,09/30/2009,E,5100,0,A
PB08-11640,Education,1300 W EVERM AN PKWY,08/31/2010,E,12308,1,A
PB08-12345,Education,6228 CRYSTAL LAKE DR,10/14/2010,A-3,13147,1,A
PB09-01089,Education,2400 E SEM INARY DR,01/04/2010,E,252000,0,A
PB09-01090,Education,5101 JEWELL KELLY DR,02/19/2010,S-1,4648,1,A
PB09-01090,Education,5101 JEWELL KELLY DR,02/19/2010,U,1428,1,A
PB09-01220,Education,4217 AVE M,04/26/2010,E,1536,0,A
PB09-02496,Education,8601 RANDOL M ILL RD,09/25/2009,E,1536,1,A
PB09-02497,Education,8601 RANDOL M ILL RD,02/05/2020,E,1536,1,A
PB09-03987,Education,2900 CANTON DR,10/06/2011,E,3523,1,A
PB09-04053,Education,1809 NE 36TH ST,06/18/2010,E,15630,0,A
PB09-05704,Education,10300 OLD DENTON RD,07/28/2011,E,90659,2,A
PB09-05704,Education,10300 OLD DENTON RD,07/28/2011,A-3,31500,2,A
PB09-05704,Education,10300 OLD DENTON RD,07/28/2011,E,58062,2,A
PB09-06118,Education,5651 WESTCREEK DR,09/04/2013,E,44000,1,A
PB09-07273,Education,4200 COUNTRY DAY LN,08/26/2010,A-3,5840,1,A
PB09-07274,Education,2000 TEXAN DR,01/25/2010,A-5,2250,1,A
PB09-07288,Education,3372 HIGH SCHOOL DR,04/05/2010,A-5,0,0,A
PB09-07889,Education,1818 ROBERTS CUT OFF RD,08/09/2010,E,3500,1,A
PB09-08124,Education,301 E BELKNAP ST,08/03/2011,F-1,6816,0,A
PB09-08326,Education,8653 N BEACH ST,10/19/2009,B,1008,1,A
PB09-08941,Education,5201 EDUCATORS WAY,03/28/2013,E,220542,2,A
PB09-08941,Education,5201 EDUCATORS WAY,03/28/2013,A-1,19411,2,A
PB09-08941,Education,5201 EDUCATORS WAY,03/28/2013,B,29623,2,A
PB09-08941,Education,5201 EDUCATORS WAY,03/28/2013,S-1,42782,2,A
PB09-08941,Education,5201 EDUCATORS WAY,03/28/2013,A-3,88773,2,A
PB09-10118,Education,5917 SHELTON ST,05/05/2010,E,1344,0,A
PB09-10119,Education,5917 SHELTON ST,05/04/2010,E,1344,0,A
PB10-00133,Education,10300 OLD DENTON RD,07/28/2011,B,2187,0,A
PB10-00564,Education,3000 FOREST AVE,12/09/2011,F-1,4125,3,A
PB10-00564,Education,3000 FOREST AVE,12/09/2011,A-3,39230,3,A
PB10-00564,Education,3000 FOREST AVE,12/09/2011,S-1,8220,3,A
PB10-00564,Education,3000 FOREST AVE,12/09/2011,E,102705,3,A
PB10-00564,Education,3000 FOREST AVE,12/09/2011,B,17140,3,A
PB10-02454,Education,1501 W SEM INARY DR,08/06/2010,E,1523,1,A
PB10-02455,Education,1501 W SEM INARY DR,08/06/2010,E,1523,1,A
PB10-05013,Education,440 WISHBONE LN,08/02/2011,E,72968,0,A
PB10-05013,Education,440 WISHBONE LN,08/02/2011,A-3,10131,0,A
PB10-05989,Education,4300 CAM PUS DR,10/19/2010,E,1514,1,A
PB10-05991,Education,709 NW 21ST ST,10/12/2010,E,1514,1,A
PB10-05998,Education,2751 M ISSISSIPPI AVE,10/04/2010,E,1536,1,A
PB10-09241,Education,2900 W BERRY ST,12/30/2010,B,1700,1,A
PB10-09405,Education,1220 M ESA CREST DR,08/29/2011,E,73369,1,A
PB10-09405,Education,1220 M ESA CREST DR,08/29/2011,A-3,13588,1,A
PB10-09757,Education,2501 COOKS LN,01/27/2011,B,1523,10,A
PB10-09759,Education,5701 SHELTON ST,07/11/2011,E,1523,1,A
PB10-10313,Education,3316 AVE N,10/04/2011,E,13517,10,A
PB11-00630,Education,4100 ALTAM ESA BLVD,03/31/2011,E,1536,1,A
PB11-00631,Education,1411 M AYDELL ST,03/31/2011,E,1536,0,A
PB11-02936,Education,2800 STARK ST,06/23/2011,A-3,3375,0,A
PB11-04146,Education,1101 NASHVILLE AVE,08/12/2011,E,1523,1,A
PB11-04164,Education,5701 SHELTON ST,09/14/2011,E,1523,1,A
PB11-04165,Education,5701 SHELTON ST,08/12/2011,E,1523,1,A
PB11-04454,Education,4628 VIRGIL ST,12/01/2014,B,116,1,A
PB11-04454,Education,4628 VIRGIL ST,12/01/2014,S-2,370,1,A
PB11-04454,Education,4628 VIRGIL ST,12/01/2014,E,532,1,A
PB11-05135,Education,3301 YUCCA AVE,08/18/2011,E,1523,1,A
PB11-05137,Education,3301 YUCCA AVE,08/18/2011,E,1523,1,A
PB11-05141,Education,1101 NASHVILLE AVE,08/12/2011,E,1523,1,A
PB11-05632,Education,4200 COUNTRY DAY LN,08/13/2012,E,13920,0,A
PB11-05632,Education,4200 COUNTRY DAY LN,08/13/2012,E,1200,0,A
PB11-05762,Education,6201 SUNSET DR,11/01/2011,E,5314,1,A
PB11-05762,Education,6201 SUNSET DR,11/01/2011,E,0,1,A
PB11-06665,Education,4501 BARBARA RD,09/04/2012,E,89040,2,A
PB11-06665,Education,4501 BARBARA RD,09/04/2012,A,10605,2,A
PB11-06665,Education,4501 BARBARA RD,09/04/2012,F,3015,2,A
PB11-08557,Education,3316 AVE N,12/02/2011,E,1523,1,A
PB11-08559,Education,2617 M IM S ST,12/02/2011,E,1523,1,A
PB11-08560,Education,5816 RICKENBACKER PL,02/14/2012,E,1536,1,A
PB11-10401,Education,2850 STADIUM  DR,10/30/2012,A-5,163048,1,A
PB11-10401,Education,2850 STADIUM  DR,10/30/2012,B,6814,1,A
PB11-10401,Education,2850 STADIUM  DR,10/30/2012,S-1,3293,1,A
PB12-01038,Education,1801 S BEACH ST,08/17/2012,B,2457,1,A
PB12-01038,Education,1801 S BEACH ST,08/17/2012,E,24293,1,A
PB12-01038,Education,1801 S BEACH ST,08/17/2012,S-1,4505,1,A
PB12-01038,Education,1801 S BEACH ST,08/17/2012,A-2,3670,1,A
PB12-03092,Education,5832 E BERRY ST,05/11/2012,S-1,2400,0,A
PB12-03092,Education,5832 E BERRY ST,05/11/2012,B,560,0,A
PB12-03092,Education,5832 E BERRY ST,05/11/2012,E,1240,0,A
PB12-04477,Education,3600 POND DR,07/16/2013,R-1,77210,4,A
PB12-04477,Education,3600 POND DR,07/16/2013,S-1,14820,4,A
PB12-04477,Education,3600 POND DR,07/16/2013,B,2834,4,A
PB12-04477,Education,3600 POND DR,07/16/2013,A-3,1152,4,A
PB12-04477,Education,3600 POND DR,07/16/2013,U,2158,4,A
PB12-04924,Education,6101 M C CART AVE,08/21/2012,E,1523,1,A
PB12-04929,Education,2805 LAREDO DR,08/21/2012,E,1514,1,A
PB12-04930,Education,3060 OVERTON PARK DR W,08/21/2012,E,1514,1,A
PB12-04931,Education,4300 CAM PUS DR,08/20/2012,E,1514,1,A
PB12-04977,Education,5006 JAM ES AVE,01/03/2013,E,6000,0,A
PB12-05394,Education,101 W PAFFORD ST,09/13/2012,E,16157,0,A
PB12-05591,Education,4801 M ARINE CREEK PKWY,07/10/2013,A-4,00,0,A
PB12-08156,Education,9700 SAINTS CIR,08/27/2013,E,11099,1,A
PB12-09462,Education,3001 FOREST PARK BLVD,12/20/2012,E,1515,0,A
PB12-09463,Education,3001 FOREST PARK BLVD,12/20/2012,E,1515,0,A
PB12-10122,Education,6323 CAM P BOWIE BLVD,01/28/2013,B,3455,1,A
PB12-10185,Education,1701 WIND STAR WAY,11/19/2013,E,0,0,A
PB12-10185,Education,1701 WIND STAR WAY,11/19/2013,A-3,0,0,A
PB12-10185,Education,1701 WIND STAR WAY,11/19/2013,A-3,0,0,A
PB12-10336,Education,4801 M ARINE CREEK PKWY,11/07/2013,F-2,3105,0,A
PB13-01482,Education,4936 DEXTER AVE,03/19/2014,A-3,3772,1,A
PB13-01565,Education,4801 M ARINE CREEK PKWY,08/22/2013,M,3815,0,A
PB13-02168,Education,5301 CAM PUS DR,08/01/2013,B,11625,1,A
PB13-02169,Education,4801 M ARINE CREEK PKWY,07/29/2013,A-3,0,0,A
PB13-02270,Education,2800 W BOWIE ST,01/27/2015,S-1,3986,3,A
PB13-02270,Education,2800 W BOWIE ST,01/27/2015,B,22470,3,A
PB13-02270,Education,2800 W BOWIE ST,01/27/2015,A-3,10069,3,A
PB13-02273,Education,2901 W LOWDEN ST,01/27/2015,A-3,17757,3,A
PB13-02273,Education,2901 W LOWDEN ST,01/27/2015,B,39288,3,A
PB13-02273,Education,2901 W LOWDEN ST,01/27/2015,S-1,4854,3,A
PB13-02967,Education,5301 CAM PUS DR,08/23/2013,B,0,1,A
PB13-03291,Education,3550 POND DR,09/02/2014,R-2,53247,5,A
PB13-03291,Education,3550 POND DR,09/02/2014,S-1,14240,5,A
PB13-03291,Education,3550 POND DR,09/02/2014,B,6406,5,A
PB13-05150,Education,2749 PUTNAM  ST,08/16/2013,E,1515,1,A
PB13-05151,Education,"3201 REFUGIO AVE, UNIT M 195",09/04/2013,E,1515,1,A
PB13-05153,Education,3801 W 7TH ST,08/16/2013,E,1515,1,A
PB13-05154,Education,4300 CAM PUS DR,08/16/2013,E,1515,1,A
PB13-05156,Education,3718 LISBON ST,08/16/2013,E,1515,1,A
PB13-05157,Education,2617 M IM S ST,08/16/2013,E,1515,1,A
PB13-05159,Education,3201 SOUTH HILLS AVE,08/16/2013,E,1515,1,A
PB13-05161,Education,1204 E BROADUS ST,08/16/2013,E,1515,1,A
PB13-05162,Education,6101 M C CART AVE,08/28/2013,E,1515,1,A
PB13-05170,Education,12350 TIM BERLAND BLVD,08/08/2014,E,40733,2,A
PB13-05292,Education,3701 GARDEN SPRINGS DR,08/08/2013,E,1500,1,A
PB13-05293,Education,1320 W EVERM AN PKWY,08/08/2013,E,1500,1,A
PB13-05326,Education,2855 S UNIVERSITY DR,01/27/2015,B,3148,3,A
PB13-05628,Education,3001 FOREST PARK BLVD,08/16/2013,E,1515,1,A
PB13-05768,Education,1350 EAGLE BLVD,01/05/2016,E,87694,3,A
PB13-05768,Education,1350 EAGLE BLVD,01/05/2016,E,88800,3,A
PB13-05768,Education,1350 EAGLE BLVD,01/05/2016,A-3,32684,3,A
PB13-05768,Education,1350 EAGLE BLVD,01/05/2016,E,315843,3,A
PB13-06914,Education,3200 SANGUINET ST,02/26/2015,B,19778,2,A
PB13-06914,Education,3200 SANGUINET ST,02/26/2015,A-3,7311,2,A
PB13-06914,Education,3200 SANGUINET ST,02/26/2015,I-4,15198,2,A
PB13-07042,Education,9100 S HULEN ST,03/28/2014,E,989,1,A
PB13-07043,Education,3701 GARDEN SPRINGS DR,03/28/2014,E,4190,1,A
PB13-07103,Education,1320 W EVERM AN PKWY,03/28/2014,E,4355,1,A
PB13-07105,Education,6651 OAKM ONT TRL,03/28/2014,E,4355,1,A
PB13-07107,Education,8700 VIRIDIAN LN,03/28/2014,E,4368,1,A
PB13-07109,Education,4630 M CPHERSON BLVD,03/28/2014,E,2034,1,A
PB13-07141,Education,7050 LAKE COUNTRY DR,09/26/2013,B,66,3,A
PB13-08569,Education,3309 W LONG AVE,02/06/2014,E,1536,1,A
PB13-08573,Education,"4300 CAM PUS DR, BLDG M 9719",01/23/2014,E,1536,1,A
PB13-08622,Education,5021 STANLEY AVE,12/30/2013,E,4932,1,A
PB13-09300,Education,3407 SYCAM ORE SCHOOL RD,08/25/2014,B,3287,1,A
PB13-09423,Education,2963 W LOWDEN ST,01/27/2015,A-3,4400,1,A
PB13-09423,Education,2963 W LOWDEN ST,01/27/2015,A-3,294,1,A
PB13-09425,Education,2963 W LOWDEN ST,01/27/2015,A-3,2392,1,A
PB13-10103,Education,7309 SHERIDAN RD,03/26/2014,E,720,1,A
PB13-10485,Education,2000 WINTER HAWK DR,08/07/2014,E,16082,2,A
PB13-10753,Education,2000 WINTER HAWK DR,08/07/2014,E,13771,2,A
PB13-10927,Education,505 W FELIX ST,03/04/2015,A-3,3784,1,A
PB13-10927,Education,505 W FELIX ST,03/04/2015,B,57217,1,A
PB13-11100,Education,"4324 HERITAGE TRACE PKWY, SUITE 809",01/23/2014,E,1922,1,A
PB13-11116,Education,3608 POND DR,03/25/2015,A-2,27436,2,A
PB13-11116,Education,3608 POND DR,03/25/2015,S-1,2597,2,A
PB13-11116,Education,3608 POND DR,03/25/2015,B,7998,2,A
PB14-00337,Education,2301 HERITAGE TRACE PKWY,08/14/2014,E,68595,1,A
PB14-00337,Education,2301 HERITAGE TRACE PKWY,08/14/2014,A-3,24408,1,A
PB14-00429,Education,2301 HORIZON DR,08/21/2014,B,89524,3,A
PB14-00695,Education,8100 S HULEN ST,01/12/2015,E,34550,2,A
PB14-00729,Education,5301 CAM PUS DR,08/28/2015,A-3,23257,2,A
PB14-00729,Education,5301 CAM PUS DR,08/28/2015,S-1,10466,2,A
PB14-00729,Education,5301 CAM PUS DR,08/28/2015,U,2344,2,A
PB14-00729,Education,5301 CAM PUS DR,08/28/2015,B,23754,2,A
PB14-00732,Education,5301 CAM PUS DR,08/28/2015,A-3,6594,2,A
PB14-00732,Education,5301 CAM PUS DR,08/28/2015,B,19856,2,A
PB14-00732,Education,5301 CAM PUS DR,08/28/2015,S-1,4977,2,A
PB14-00732,Education,5301 CAM PUS DR,08/28/2015,U,4432,2,A
PB14-00881,Education,4700 DIPLOMACY RD,11/04/2014,B,13112,1,A
PB14-01111,Education,7301 DUTCH BRANCH RD,07/24/2014,E,6076,1,A
PB14-01864,Education,8750 OLD DENTON RD,12/30/2014,E,3819,1,A
PB14-01864,Education,8750 OLD DENTON RD,12/30/2014,S-1,153,1,A
PB14-01864,Education,8750 OLD DENTON RD,12/30/2014,B,926,1,A
PB14-02588,Education,2800 W BOWIE ST,01/27/2015,A-3,1377,3,A
PB14-02588,Education,2800 W BOWIE ST,01/27/2015,S-1,663,3,A
PB14-02588,Education,2800 W BOWIE ST,01/27/2015,B,20571,3,A
PB14-02589,Education,2800 W BOWIE ST,01/27/2015,B,16500,2,A
PB14-02769,Education,2905 S UNIVERSITY DR,08/15/2016,S-1,3120,1,A
PB14-02946,Education,401 E 8TH ST,11/04/2014,E,77831,1,A
PB14-02949,Education,2855 S UNIVERSITY DR,01/27/2015,A-3,936,3,A
PB14-02949,Education,2855 S UNIVERSITY DR,01/27/2015,B,16969,3,A
PB14-03007,Education,4501 BRIDGE ST,08/25/2015,B,6060,1,A
PB14-03144,Education,7500 DUTCH BRANCH RD,07/28/2015,E,12671,1,A
PB14-03146,Education,7500 DUTCH BRANCH RD,07/28/2015,E,14484,1,A
PB14-03642,Education,4200 COUNTRY DAY LN,07/28/2014,E,580,1,A
PB14-03723,Education,3200 E ROSEDALE ST,07/19/2016,A-3,1540,2,A
PB14-03723,Education,3200 E ROSEDALE ST,07/19/2016,B,14132,2,A
PB14-03725,Education,1415 VAUGHN BLVD,07/20/2016,B,2128,2,A
PB14-04403,Education,3305 W CANTEY ST,12/04/2014,B,565,1,A
PB14-05056,Education,3420 CLAYTON RD E,08/26/2014,E,1325,1,A
PB14-05161,Education,9700 SAINTS CIR,09/19/2014,E,2723,1,A
PB14-05211,Education,2601 EVANS AVE,09/09/2014,E,1514,1,A
PB14-05215,Education,2751 M ISSISSIPPI AVE,09/09/2014,E,1514,1,A
PB14-05218,Education,1204 E BROADUS ST,09/09/2014,E,1514,1,A
PB14-05472,Education,12771 SARATOGA SPRINGS CIR,08/20/2014,E,1320,1,A
PB14-05486,Education,3710 M IGHTY MITE DR,07/27/2015,E,37794,1,A
PB14-05486,Education,3710 M IGHTY MITE DR,07/27/2015,E,34040,1,A
PB14-06024,Education,3000 S NORWOOD DR,04/29/2015,A-3,6658,1,A
PB14-06024,Education,3000 S NORWOOD DR,04/29/2015,B,40913,1,A
PB14-06024,Education,3000 S NORWOOD DR,04/29/2015,F-1,20600,1,A
PB14-06024,Education,3000 S NORWOOD DR,04/29/2015,S-1,3800,1,A
PB14-06187,Education,6101 M C CART AVE,09/23/2014,E,1515,1,A
PB14-06188,Education,6101 M C CART AVE,09/23/2014,E,1515,1,A
PB14-06371,Education,"4612 DAVID STRICKLAND RD, BLDG 1",08/14/2014,E,1536,1,A
PB14-06373,Education,"4612 DAVID STRICKLAND RD, BLDG 2",08/14/2014,E,1536,1,A
PB14-07011,Education,"3000 STADIUM  DR, SUITE 102",09/30/2014,B,351,1,A
PB14-08620,Education,"6101 M C CART AVE, BLDG A",11/13/2014,E,1515,1,A
PB14-08622,Education,"6101 M C CART AVE, BLDG B",11/13/2014,E,1515,1,A
PB14-08624,Education,"6101 M C CART AVE, BLDG C",11/13/2014,E,1515,1,A
PB14-09227,Education,3301 YUCCA AVE,05/20/2015,E,1536,1,A
PB14-09228,Education,3301 YUCCA AVE,05/20/2015,E,1536,1,A
PB14-09357,Education,7600 LOWERY RD,05/12/2016,E,22260,1,A
PB14-09526,Education,5301 CAM PUS DR,08/25/2015,B,2201,1,A
PB14-09526,Education,5301 CAM PUS DR,08/25/2015,E,21471,1,A
PB14-09526,Education,5301 CAM PUS DR,08/25/2015,A-3,3546,1,A
PB14-10374,Education,1605 GRADY LEE ST,04/22/2016,E,5087,1,A
PB14-10380,Education,6701 WOODWAY DR,11/12/2015,E,4650,1,A
PB14-10814,Education,2613 ROOSEVELT AVE,10/09/2015,E,6148,1,A
PB14-10815,Education,2000 DEWEY ST,10/12/2015,E,4998,1,A
PB14-10816,Education,3207 HOLLIS ST,11/17/2015,F-1,3434,1,A
PB14-10816,Education,3207 HOLLIS ST,11/17/2015,E,5713,1,A
PB14-10819,Education,9700 SAINTS CIR,08/14/2015,E,3109,1,A
PB15-01680,Education,3214 CLINTON AVE,10/13/2016,A-3,8148,2,A
PB15-01680,Education,3214 CLINTON AVE,10/13/2016,B,4448,2,A
PB15-01680,Education,3214 CLINTON AVE,10/13/2016,E,42644,2,A
PB15-02632,Education,4612 DAVID STRICKLAND RD,02/19/2018,E,15702,1,A
PB15-02634,Education,1850 BARRON LN,06/20/2016,E,7832,1,A
PB15-02636,Education,4108 EASTLAND ST,07/06/2016,E,5890,1,A
PB15-02963,Education,2749 PUTNAM  ST,08/16/2016,E,5448,1,A
PB15-02964,Education,2749 PUTNAM  ST,08/16/2016,E,6566,1,A
PB15-02964,Education,2749 PUTNAM  ST,08/16/2016,A-3,7118,1,A
PB15-03361,Education,2955 S UNIVERSITY DR,08/15/2016,A-3,6010,4,A
PB15-03361,Education,2955 S UNIVERSITY DR,08/15/2016,B,8487,4,A
PB15-03361,Education,2955 S UNIVERSITY DR,08/15/2016,S-1,872,4,A
PB15-03848,Education,120 W FOGG ST,03/22/2016,E,28539,2,A
PB15-04128,Education,5650 RAM EY AVE,04/04/2016,E,10974,1,A
PB15-04888,Education,4612 DAVID STRICKLAND RD,09/29/2015,E,1515,1,A
PB15-04889,Education,3801 W 7TH ST,09/16/2015,E,1515,1,A
PB15-04890,Education,5100 WILLIE ST,09/29/2015,E,1515,1,A
PB15-04892,Education,2400 E SEM INARY DR,09/16/2015,E,1515,1,A
PB15-04896,Education,6101 M C CART AVE,09/04/2015,E,1515,1,A
PB15-04898,Education,6101 M C CART AVE,09/04/2015,E,1515,1,A
PB15-04900,Education,8900 CHAPIN RD,09/04/2015,E,1515,1,A
PB15-04902,Education,8900 CHAPIN RD,09/04/2015,E,1515,1,A
PB15-04903,Education,8900 CHAPIN RD,02/29/2016,E,1515,1,A
PB15-04906,Education,4300 CLAY AVE,09/04/2015,E,1515,1,A
PB15-05106,Education,3150 BELLAIRE DR N,09/09/2015,B,2037,1,A
PB15-05535,Education,12771 SARATOGA SPRINGS CIR,03/24/2016,E,1534,1,A
PB15-05827,Education,"3060 OVERTON PARK DR W, UNIT A",01/06/2016,E,1500,1,A
PB15-05830,Education,"3060 OVERTON PARK DR W, UNIT C",01/11/2016,E,1500,1,A
PB15-05842,Education,1003 W CANNON ST,12/07/2015,E,2283,1,A
PB15-05846,Education,6101 M C CART AVE,10/16/2015,E,710,1,A
PB15-06445,Education,6824 RANDOL M ILL RD,03/21/2016,E,1536,1,A
PB15-06957,Education,3201 REFUGIO AVE,09/13/2016,E,3307,1,A
PB15-06962,Education,3201 REFUGIO AVE,09/13/2016,E,3620,1,A
PB15-06964,Education,3229 LINCOLN AVE,09/07/2016,E,3533,1,A
PB15-06965,Education,3229 LINCOLN AVE,09/07/2016,E,2996,1,A
PB15-07110,Education,7050 LAKE COUNTRY DR,12/14/2015,E,1536,1,A
PB15-07111,Education,7050 LAKE COUNTRY DR,12/14/2015,E,1536,1,A
PB15-07112,Education,7050 LAKE COUNTRY DR,12/14/2015,E,2914,1,A
PB15-08457,Education,900 W FOGG ST,09/06/2016,E,2872,1,A
PB15-08458,Education,3300 S HENDERSON ST,08/29/2016,E,4995,1,A
PB15-08463,Education,2032 CANCHIM ST,02/01/2017,B,2752,1,A
PB15-08463,Education,2032 CANCHIM ST,02/01/2017,B,785,1,A
PB15-08463,Education,2032 CANCHIM ST,02/01/2017,E,71810,1,A
PB15-08463,Education,2032 CANCHIM ST,02/01/2017,A-3,7408,1,A
PB15-08879,Education,2000 WINTER HAWK DR,01/04/2016,E,1536,1,A
PB15-09052,Education,3816 STADIUM  DR,10/17/2016,E,18045,2,A
PB15-09053,Education,3201 SOUTH HILLS AVE,10/17/2016,E,9392,1,A
PB15-09255,Education,2000 W SPURGEON ST,08/11/2017,S-1,8750,3,A
PB15-09255,Education,2000 W SPURGEON ST,08/11/2017,B,9517,3,A
PB15-09255,Education,2000 W SPURGEON ST,08/11/2017,B,50422,3,A
PB15-09255,Education,2000 W SPURGEON ST,08/11/2017,A-3,11873,3,A
PB15-10432,Education,3201 SOUTH HILLS AVE,12/21/2016,E,2183,1,A
PB15-10535,Education,4200 COUNTRY DAY LN,12/22/2016,A-3,31728,1,A
PB15-11244,Education,2900 STADIUM  DR,08/08/2016,B,8154,1,A
PB15-11246,Education,712 STELLA ST,09/08/2016,E,1493,1,A
PB15-11276,Education,2900 STADIUM  DR,08/08/2016,S-1,969,1,A
PB15-11276,Education,2900 STADIUM  DR,08/08/2016,B,6843,1,A
PB15-11276,Education,2900 STADIUM  DR,08/08/2016,A-3,2506,1,A
PB16-00078,Education,"3201 SOUTH HILLS AVE, BLDG 1",02/09/2016,E,1500,1,A
PB16-00081,Education,"3201 SOUTH HILLS AVE, BLDG 2",02/09/2016,E,1500,1,A
PB16-01576,Education,3005 STADIUM  DR,09/07/2016,A-3,975,1,A
PB16-01576,Education,3005 STADIUM  DR,09/07/2016,B,2802,1,A
PB16-02913,Education,10260 BLUE M OUND RD,10/03/2016,B,1600,1,A
PB16-03012,Education,3301 YUCCA AVE,08/18/2017,E,28709,1,A
PB16-03098,Education,6824 RANDOL M ILL RD,07/18/2016,E,1536,A,PB16-03475
PB16-03476,Education,2955 S UNIVERSITY DR,08/15/2016,B,8780,1,A
PB16-03477,Education,2805 S UNIVERSITY DR,08/15/2016,A-3,1800,1,A
PB16-03477,Education,2805 S UNIVERSITY DR,08/15/2016,B,5052,1,A
PB16-03791,Education,3428 POND DR,08/30/2017,B,463,1,A
PB16-03791,Education,3428 POND DR,08/30/2017,S-1,1080,1,A
PB16-03791,Education,3428 POND DR,08/30/2017,R-2,22978,1,A
PB16-03791,Education,3428 POND DR,08/30/2017,A-3,7284,1,A
PB16-03792,Education,3500 POND DR,08/30/2017,S-1,1080,1,A
PB16-03792,Education,3500 POND DR,08/30/2017,B,463,1,A
PB16-03792,Education,3500 POND DR,08/30/2017,A-3,7284,1,A
PB16-03792,Education,3500 POND DR,08/30/2017,R-2,23073,1,A
PB16-03793,Education,3508 POND DR,08/30/2017,B,463,1,A
PB16-03793,Education,3508 POND DR,08/30/2017,S-1,1080,1,A
PB16-03793,Education,3508 POND DR,08/30/2017,R-2,23041,1,A
PB16-03793,Education,3508 POND DR,08/30/2017,A-3,7284,1,A
PB16-03794,Education,3516 POND DR,08/30/2017,S-1,1080,1,A
PB16-03794,Education,3516 POND DR,08/30/2017,B,463,1,A
PB16-03794,Education,3516 POND DR,08/30/2017,A-3,7284,1,A
PB16-03794,Education,3516 POND DR,08/30/2017,R-2,23005,1,A
PB16-03795,Education,3549 BELLAIRE DR N,08/30/2017,B,463,1,A
PB16-03795,Education,3549 BELLAIRE DR N,08/30/2017,S-1,1080,1,A
PB16-03795,Education,3549 BELLAIRE DR N,08/30/2017,A-3,7284,1,A
PB16-03795,Education,3549 BELLAIRE DR N,08/30/2017,R-2,22991,1,A
PB16-03796,Education,3624 POND DR,08/30/2017,B,675,1,A
PB16-03796,Education,3624 POND DR,08/30/2017,R-2,34932,1,A
PB16-03796,Education,3624 POND DR,08/30/2017,A-3,9797,1,A
PB16-03796,Education,3624 POND DR,08/30/2017,S-1,2703,1,A
PB16-03797,Education,3632 POND DR,09/07/2017,S-1,931,1,A
PB16-03797,Education,3632 POND DR,09/07/2017,R-2,19424,1,A
PB16-03797,Education,3632 POND DR,09/07/2017,A-3,6477,1,A
PB16-03797,Education,3632 POND DR,09/07/2017,B,200,1,A
PB16-04141,Education,4540 JAM ES AVE,10/31/2016,B,12950,A,PB16-04213
PB16-04213,Education,1220 M ESA CREST DR,01/11/2017,E,3516,A,PB16-04213
PB16-04213,Education,1220 M ESA CREST DR,01/11/2017,E,3516,A,PB16-04370
PB16-04370,Education,3001 FOREST PARK BLVD,07/31/2017,E,30266,2,A
PB16-04593,Education,1801 S BEACH ST,08/05/2016,E,6738,A,PB16-05188
PB16-05460,Education,2400 E SEM INARY DR,03/21/2017,E,1536,1,A
PB16-05748,Education,2400 E SEM INARY DR,03/21/2017,E,1536,1,A
PB16-05749,Education,2400 E SEM INARY DR,10/10/2017,E,1536,1,A
PB16-05880,Education,"6550 CAM P BOWIE BLVD, SUITE 110",10/12/2016,B,3259,1,A
PB16-05880,Education,"6550 CAM P BOWIE BLVD, SUITE 110",10/12/2016,F-1,4216,1,A
PB16-05880,Education,"6550 CAM P BOWIE BLVD, SUITE 110",10/12/2016,A-2,4238,1,A
PB16-06162,Education,3777 WESTRIDGE AVE,05/16/2017,E,12390,1,A
PB16-06459,Education,1220 M ESA CREST DR,01/20/2017,E,16175,A,PB16-07278
PB16-07320,Education,4601 HIGHWAY 360,06/01/2017,B,16750,1,A
PB16-07320,Education,4601 HIGHWAY 360,06/01/2017,S-1,2846,1,A
PB16-07320,Education,4601 HIGHWAY 360,06/01/2017,A-3,994,1,A
PB16-07321,Education,4601 HIGHWAY 360,04/21/2017,B,4774,1,A
PB16-07321,Education,4601 HIGHWAY 360,04/21/2017,A-3,5936,1,A
PB16-07622,Education,1412 DENVER AVE,09/12/2017,E,2772,1,A
PB16-07691,Education,8201 N RIVERSIDE DR,02/21/2018,S-1,1535,1,A
PB16-07691,Education,8201 N RIVERSIDE DR,02/21/2018,A-3,20736,1,A
PB16-07691,Education,8201 N RIVERSIDE DR,02/21/2018,E,117861,1,A
PB16-07691,Education,8201 N RIVERSIDE DR,02/21/2018,B,10875,1,A
PB16-07691,Education,8201 N RIVERSIDE DR,02/21/2018,B,1364,1,A
PB16-07691,Education,8201 N RIVERSIDE DR,02/21/2018,A-3,6896,1,A
PB16-07691,Education,8201 N RIVERSIDE DR,02/21/2018,B,3640,1,A
PB16-08665,Education,3601 M ITCHELL BLVD,09/12/2017,F-1,2900,1,A
PB16-09383,Education,3908 M C CART AVE,04/30/2018,E,1800,A,PB16-10123
PB16-10479,Education,"1411 I.M . TERRELL CIR S, BLDG 2",02/06/2019,E,25418,2,A
PB16-10480,Education,"1411 I.M . TERRELL CIR S, BLDG 1",02/06/2019,E,17725,1,A
PB16-10513,Education,3908 M C CART AVE,04/30/2018,E,1267,1,A
PB16-11065,Education,4801 EASTLINE DR,11/02/2017,E,2310,1,A
PB16-11072,Education,2400 E SEM INARY DR,09/01/2017,E,10088,1,A
PB16-11614,Education,3114 E ROSEDALE ST,07/05/2017,B,1924,1,A
PB16-11757,Education,2900 LUBBOCK AVE,11/07/2019,B,41800,1,A
PB16-11757,Education,2900 LUBBOCK AVE,11/07/2019,S-1,24600,1,A
PB16-11757,Education,2900 LUBBOCK AVE,11/07/2019,A-3,33668,1,A
PB16-11757,Education,2900 LUBBOCK AVE,11/07/2019,A-3,26798,1,A
PB16-11758,Education,2900 LUBBOCK AVE,08/12/2019,A-3,3385,1,A
PB16-11759,Education,2900 LUBBOCK AVE,08/12/2019,A-3,4749,1,A
PB16-11792,Education,10537 NORTHWEST HIGHWAY 287,08/11/2017,E,87621,A,PB16-11826
PB16-11827,Education,5701 SHELTON ST,01/11/2018,A-3,1950,1,A
PB16-11990,Education,2617 M IM S ST,06/07/2018,A-2,2550,1,A
PB16-12066,Education,5901 BOCA RATON BLVD,12/21/2017,E,94407,A,PB16-12071
PB16-12072,Education,5100 WILLIE ST,09/13/2017,A-2,8294,1,A
PB16-12073,Education,5100 WILLIE ST,08/15/2017,E,3946,1,A
PB16-12122,Education,1204 E BROADUS ST,01/09/2018,E,4940,1,A
PB16-12168,Education,4212 BELDEN AVE,08/02/2018,E,1656,1,A
PB16-12665,Education,2805 LAREDO DR,11/02/2017,E,12926,1,A
PB16-12977,Education,4630 M CPHERSON BLVD,02/16/2017,E,1536,1,A
PB16-13052,Education,9749 SAINTS CIR,08/08/2018,A-2,20895,1,A
PB16-13052,Education,9749 SAINTS CIR,08/08/2018,B,5322,1,A
PB16-13052,Education,9749 SAINTS CIR,08/08/2018,S-1,622,1,A
PB16-13052,Education,9749 SAINTS CIR,08/08/2018,E,2961,1,A
PB16-13241,Education,1066 W M AGNOLIA AVE,08/21/2017,E,1530,1,A
PB16-13289,Education,2820 STADIUM  DR,07/23/2018,A-3,5725,1,A
PB16-13289,Education,2820 STADIUM  DR,07/23/2018,S-1,1616,1,A
PB16-13289,Education,2820 STADIUM  DR,07/23/2018,B,7782,1,A
PB16-13290,Education,2820 STADIUM  DR,11/01/2018,B,1385,1,A
PB16-13290,Education,2820 STADIUM  DR,11/01/2018,A-3,9280,1,A
PB16-13290,Education,2820 STADIUM  DR,11/01/2018,S-1,977,1,A
PB16-13290,Education,2820 STADIUM  DR,11/01/2018,B,481,1,A
PB16-13771,Education,3000 S UNIVERSITY DR,05/09/2017,B,1224,1,A
PB16-14182,Education,3501 BELLAIRE DR N,06/22/2018,B,1172,1,A
PB16-14182,Education,3501 BELLAIRE DR N,06/22/2018,S-1,1407,1,A
PB16-14182,Education,3501 BELLAIRE DR N,06/22/2018,R-2,20960,1,A
PB16-14182,Education,3501 BELLAIRE DR N,06/22/2018,A-3,2813,1,A
PB16-14183,Education,3532 POND DR N,06/22/2018,A-3,2703,1,A
PB16-14183,Education,3532 POND DR N,06/22/2018,S-1,1297,1,A
PB16-14183,Education,3532 POND DR N,06/22/2018,R-2,20961,1,A
PB16-14183,Education,3532 POND DR N,06/22/2018,B,1062,1,A
PB16-14184,Education,3436 POND DR N,08/07/2018,B,3210,1,A
PB16-14184,Education,3436 POND DR N,08/07/2018,R-2,29758,1,A
PB16-14184,Education,3436 POND DR N,08/07/2018,A-3,4070,1,A
PB16-14184,Education,3436 POND DR N,08/07/2018,S-1,1702,1,A
PB16-14185,Education,3524 POND DR N,08/01/2018,S-1,1703,1,A
PB16-14185,Education,3524 POND DR N,08/01/2018,A-3,4071,1,A
PB16-14185,Education,3524 POND DR N,08/01/2018,B,3211,1,A
PB16-14185,Education,3524 POND DR N,08/01/2018,R-2,29616,1,A
PB16-14224,Education,1029 AVONDALE HASLET RD,05/24/2017,A-3,1536,1,A
PB16-14387,Education,2951 HULEN ST,08/29/2018,A-2,12090,1,A
PB16-14404,Education,1300 CONNER AVE,10/26/2018,E,14812,A,PB16-14456
PB16-14506,Education,1300 CONNER AVE,10/23/2018,E,3078,A,PB16-14517
PB16-14517,Education,9100 S HULEN ST,01/09/2018,A-3,827,1,A
PB16-14517,Education,9100 S HULEN ST,01/09/2018,B,104,1,A
PB16-14517,Education,9100 S HULEN ST,01/09/2018,S-1,117,1,A
PB16-14518,Education,9100 S HULEN ST,12/15/2017,A-3,1052,1,A
PB16-14518,Education,9100 S HULEN ST,12/15/2017,S-1,124,1,A
PB16-14518,Education,9100 S HULEN ST,12/15/2017,B,291,1,A
PB16-14518,Education,9100 S HULEN ST,12/15/2017,E,4884,1,A
PB16-14583,Education,1419 COLLEGE AVE,08/13/2018,F-1,2600,1,A
PB16-14584,Education,1419 COLLEGE AVE,11/16/2018,E,5640,1,A
PB16-14590,Education,1419 COLLEGE AVE,08/14/2018,A-3,4066,1,A
PB17-00817,Education,9773 TEHAM A RIDGE PKWY,09/27/2017,I-4,12734,1,A
PB17-01570,Education,3206 COLLINSWORTH ST,06/16/2017,E,2638,A,PB17-01603
PB17-01603,Education,3500 BELLAIRE DR N,06/30/2017,A-3,11470,1,A
PB17-01603,Education,3500 BELLAIRE DR N,06/30/2017,S-1,881,1,A
PB17-02797,Education,1320 W EVERM AN PKWY,12/15/2017,E,2331,1,A
PB17-03899,Education,1345 AVONDALE HASLET RD,07/30/2019,I-4,18645,A,PB17-03899
PB17-03948,Education,8900 CHAPIN RD,08/21/2017,E,1536,1,A
PB17-03950,Education,8900 CHAPIN RD,08/21/2017,E,1537,1,A
PB17-05360,Education,2300 DILLARD ST,08/21/2017,E,1536,1,A
PB17-05362,Education,4000 HORNE ST,08/21/2017,R-3,1536,1,A
PB17-05364,Education,3604 CIM MARON TRL,10/10/2017,E,1536,1,A
PB17-05366,Education,3700 M IGHTY MITE DR,07/19/2018,E,3631,A,PB17-05367
PB17-05546,Education,7500 DUTCH BRANCH RD,01/10/2018,E,1119,A,PB17-05645
PB17-05907,Education,7241 CROWLEY RD,06/06/2018,E,49919,A,PB17-05952
PB17-05983,Education,5532 SHILOH DR,04/01/2019,E,8393,1,A
PB17-06022,Education,9640 BELLE PRAIRIE TRL,05/03/2019,E,95653,1,A
PB17-06076,Education,5825 M ARINE CREEK PKWY,03/09/2020,E,166710,1,A
PB17-06465,Education,13033 PARK VISTA BLVD,08/08/2019,I-4,10600,1,A
PB17-06560,Education,3701 GARDEN SPRINGS DR,12/15/2017,E,12612,1,A
PB17-07108,Education,1950 TEXAN DR,09/18/2017,E,1536,A,PB17-07415
PB17-07419,Education,3937 HASLET ROANOKE RD,09/18/2017,E,1536,1,A
PB17-07509,Education,4640 SYCAM ORE SCHOOL RD,07/30/2018,B,2683,1,A
PB17-07509,Education,4640 SYCAM ORE SCHOOL RD,07/30/2018,S-1,484,1,A
PB17-07509,Education,4640 SYCAM ORE SCHOOL RD,07/30/2018,A-3,2694,1,A
PB17-07509,Education,4640 SYCAM ORE SCHOOL RD,07/30/2018,E,19131,1,A
PB17-08281,Education,12672 TIM BERLAND DR,07/30/2018,E,13586,1,A
PB17-09145,Education,1411 M AYDELL ST,07/25/2018,A-3,8734,1,A
PB17-09664,Education,4100 ALTAM ESA BLVD,05/23/2018,A-3,3000,1,A
PB17-12329,Education,307 W 7TH ST 50,06/08/2018,B,11300,1,A
PB17-12957,Education,3301 TURF PARADISE PKWY,11/15/2019,E,70852,A,PB17-12958
PB17-13004,Education,4401 PANOLA AVE,11/14/2018,E,25546,2,A
PB17-13004,Education,4401 PANOLA AVE,11/14/2018,B,2352,2,A
PB17-14106,Education,4250 NORTH FWY,05/03/2018,B,10798,1,A
PB18-00642,Education,300 TRINITY CAM PUS CIR,08/03/2018,B,13243,1,A
PB18-00642,Education,300 TRINITY CAM PUS CIR,08/03/2018,S-1,589,1,A
PB18-00642,Education,300 TRINITY CAM PUS CIR,08/03/2018,A-3,1443,1,A
PB18-00642,Education,300 TRINITY CAM PUS CIR,08/03/2018,B,1813,1,A
PB18-01834,Education,9840 BLUE MOUND RD,05/30/2019,E,12110,1,A
PB18-01903,Education,2901 NORTHWEST COLLEGE DR,12/10/2018,U,1000,1,A
PB18-01903,Education,2901 NORTHWEST COLLEGE DR,12/10/2018,B,3000,1,A
PB18-02904,Education,3620 M ODLIN AVE,07/23/2018,B,789,1,A
PB18-02904,Education,3620 M ODLIN AVE,07/23/2018,E,4717,1,A
PB18-03080,Education,3165 E ROSEDALE ST,07/24/2019,M,4139,1,A
PB18-03080,Education,3165 E ROSEDALE ST,07/24/2019,B,12191,1,A
PB18-03080,Education,3165 E ROSEDALE ST,07/24/2019,A-2,26718,1,A
PB18-03412,Education,2840 W BOWIE ST,08/29/2018,B,6537,1,A
PB18-03412,Education,2840 W BOWIE ST,08/29/2018,A-1,1200,1,A
PB18-03488,Education,11801 CAM P BOWIE WEST BLVD,01/16/2020,E,11810,A,PB18-04174
PB18-04174,Education,3432 POND DR,07/30/2019,B,4850,1,A
PB18-04174,Education,3432 POND DR,07/30/2019,A-3,875,1,A
PB18-04174,Education,3432 POND DR,07/30/2019,S-1,2428,1,A
PB18-04176,Education,3412 POND DR,07/30/2019,S-1,1097,1,A
PB18-04176,Education,3412 POND DR,07/30/2019,B,3954,1,A
PB18-04176,Education,3412 POND DR,07/30/2019,R-2,50879,1,A
PB18-04176,Education,3412 POND DR,07/30/2019,A-3,875,1,A
PB18-04238,Education,2900 PRINCETON ST,06/12/2019,B,28291,1,A
PB18-04238,Education,2900 PRINCETON ST,06/12/2019,A-3,7598,1,A
PB18-04238,Education,2900 PRINCETON ST,06/12/2019,S-1,887,1,A
PB18-04672,Education,300 TRINITY CAM PUS CIR,07/30/2018,S-1,684,1,A
PB18-04672,Education,300 TRINITY CAM PUS CIR,07/30/2018,A-3,2276,1,A
PB18-04700,Education,6301 ROCKROSE TRL,11/01/2019,S-1,7356,2,A
PB18-04700,Education,6301 ROCKROSE TRL,11/01/2019,B,4477,2,A
PB18-04700,Education,6301 ROCKROSE TRL,11/01/2019,E,84681,2,A
PB18-04785,Education,3001 FOREST PARK BLVD,04/18/2019,S-1,1290,2,A
PB18-04785,Education,3001 FOREST PARK BLVD,04/18/2019,A-4,17110,2,A
PB18-04785,Education,3001 FOREST PARK BLVD,04/18/2019,B,5297,2,A
PB18-04785,Education,3001 FOREST PARK BLVD,04/18/2019,A-3,6068,2,A
PB18-05629,Education,9700 SAINTS CIR,07/20/2018,E,2787,1,A
PB18-05824,Education,6410 BRYANT IRVIN RD,11/15/2019,E,12399,A,PB18-05981
PB18-06005,Education,8401 CALM ONT AVE,02/06/2020,E,1536,1,A
PB18-06013,Education,9100 S HULEN ST,08/20/2019,E,6772,1,A
PB18-06015,Education,9100 S HULEN ST,11/01/2019,S-1,1152,1,A
PB18-06015,Education,9100 S HULEN ST,11/01/2019,E,23976,1,A
PB18-06015,Education,9100 S HULEN ST,11/01/2019,B,559,1,A
PB18-06021,Education,9100 S HULEN ST,08/20/2019,B,200,1,A
PB18-06021,Education,9100 S HULEN ST,08/20/2019,E,7695,1,A
PB18-06021,Education,9100 S HULEN ST,08/20/2019,S-1,992,1,A
PB18-06688,Education,8061 S HULEN ST,03/07/2019,E,4895,A,PB18-09006
PB18-09006,Education,300 TRINITY CAM PUS CIR BLDG c - 5,01/04/2019,B,6021,1,A
PB18-09006,Education,300 TRINITY CAM PUS CIR BLDG c - 5,01/04/2019,A-3,10146,1,A
PB18-09234,Education,6020 TEN M ILE BRIDGE RD,02/18/2019,E,76450,A,PB18-09234
PB18-09234,Education,6020 TEN M ILE BRIDGE RD,02/18/2019,E,76450,A,PB18-09234
PB18-11035,Education,3000 CHERRY LN,06/08/2020,S-1,2155,1,A
PB18-11035,Education,3000 CHERRY LN,06/08/2020,E,77021,1,A
PB18-11035,Education,3000 CHERRY LN,06/08/2020,B,2696,1,A
PB18-11113,Education,3015 M ERIDA AVE,02/20/2019,S-1,160,1,A
PB18-11113,Education,3015 M ERIDA AVE,02/20/2019,B,1014,1,A
PB18-11113,Education,3015 M ERIDA AVE,02/20/2019,A-3,2160,1,A
PB18-11121,Education,440 WISHBONE LN,10/10/2019,E,3866,A,PB18-11121
PB18-11121,Education,440 WISHBONE LN,10/10/2019,E,12389,A,PB18-11121
PB18-11122,Education,1216 DIAMONDBACK LN,10/10/2019,A-2,21808,A,PB18-11122
PB18-11122,Education,1216 DIAMONDBACK LN,10/10/2019,E,59383,A,PB18-11544
PB18-11544,Education,10800 CHAPIN RD,09/27/2019,S-1,1339,1,A
PB18-11544,Education,10800 CHAPIN RD,09/27/2019,B,3619,1,A
PB18-11545,Education,10860 CHAPIN RD,09/27/2019,E,16338,1,A
PB18-11545,Education,10860 CHAPIN RD,09/27/2019,S-1,1284,1,A
PB18-13078,Education,2211 M C KINLEY AVE,09/25/2020,E,4969,1,A
PB18-13865,Education,8801 COPPER M EADOW DR,07/26/2021,E,77197,1,A
PB18-14317,Education,5700 RAM EY AVE,12/12/2019,E,13872,A,PB18-14355
PB18-14629,Education,1257 AVONDALE HASLET RD,10/06/2020,I-4,10930,A,PB18-15027
PB18-15027,Education,9750 SAINTS CIR,09/18/2019,B,2614,1,A
PB18-15029,Education,9749 SAINTS CIR,09/18/2019,B,3552,1,A
PB18-15078,Education,9705 SAINTS CIR,09/18/2019,S-1,1363,1,A
PB18-15078,Education,9705 SAINTS CIR,09/18/2019,B,480,1,A
PB18-15078,Education,9705 SAINTS CIR,09/18/2019,E,11060,1,A
PB18-15138,Education,2400 E SEM INARY DR,09/24/2019,A-3,5640,A,PB19-00001
PB19-00335,Education,3001 HULEN ST,06/08/2020,A-3,5112,A,PB19-00335
PB19-01063,Education,2453 E SEM INARY DR,10/29/2019,R-4,2418,1,A
PB19-01064,Education,2457 E SEM INARY DR,10/29/2019,R-4,2418,1,A
PB19-01065,Education,2461 E SEM INARY DR,10/28/2019,R-4,2418,1,A
PB19-01516,Education,3604 CIM MARON TRL,02/06/2020,E,1536,A,PB19-01517
PB19-01518,Education,3604 CIM MARON TRL,02/06/2020,E,1536,A,PB19-03348
PB19-03348,Education,7387 S HULEN ST,10/17/2019,E,666,1,A
PB19-03572,Education,9056 TEHAM A RIDGE PKWY,04/30/2021,E,10000,1,A
PB19-03914,Education,1300 W LANCASTER AVE,08/19/2019,E,6244,1,A
PB19-03914,Education,1300 W LANCASTER AVE,08/19/2019,S-1,835,1,A
PB19-03914,Education,1300 W LANCASTER AVE,08/19/2019,B,4042,1,A
PB19-03914,Education,1300 W LANCASTER AVE,08/19/2019,B,1564,1,A
PB19-04022,Education,2520 PRECINCT LINE RD,02/03/2021,E,89576,A,PB19-05344
PB19-06560,Education,4865 BRIARHAVEN RD,03/22/2021,E,91856,A,PB19-06850
PB19-08018,Education,1640 ALTAM ESA BLVD,09/03/2020,E,79201,1,A
PB19-08018,Education,1640 ALTAM ESA BLVD,09/03/2020,S-1,2193,1,A
PB19-08018,Education,1640 ALTAM ESA BLVD,09/03/2020,B,3297,1,A
PB19-08022,Education,4501 BRIDGE ST,08/05/2020,S-1,1124,1,A
PB19-08022,Education,4501 BRIDGE ST,08/05/2020,E,28338,1,A
PB19-08023,Education,4501 BRIDGE ST,08/05/2020,E,19839,1,A
PB19-08023,Education,4501 BRIDGE ST,08/05/2020,S-1,1682,1,A
PB19-08265,Education,1411 M AYDELL ST,08/21/2019,E,1536,A,PB19-08266
PB19-08389,Education,7633 HARRIS PARKWAY,07/16/2020,S-1,1488,2,A
PB19-08389,Education,7633 HARRIS PARKWAY,07/16/2020,E,41172,2,A
PB19-08389,Education,7633 HARRIS PARKWAY,07/16/2020,B,2951,2,A
PB19-08810,Education,1411 M AYDELL ST,08/20/2019,E,1536,A,PB19-08883
PB19-08883,Education,10901 FOUNDERS WAY,08/24/2020,B,786,1,A
PB19-08883,Education,10901 FOUNDERS WAY,08/24/2020,E,11015,1,A
PB19-09408,Education,425 W RENDON CROWLEY RD,07/16/2020,I-4,2995,1,A
PB19-09408,Education,425 W RENDON CROWLEY RD,07/16/2020,I-4,157,1,A
PB19-09408,Education,425 W RENDON CROWLEY RD,07/16/2020,I-4,175,1,A
PB19-09408,Education,425 W RENDON CROWLEY RD,07/16/2020,I-4,6323,1,A
PB19-09408,Education,425 W RENDON CROWLEY RD,07/16/2020,I-4,350,1,A
PB19-10498,Education,1221 EAGLE BLVD,01/14/2020,E,1536,A,PB19-10605
PB19-10612,Education,1213 EAGLE BLVD,01/14/2020,E,1536,A,PB19-13104
PB19-13378,Education,1075 EAGLE BLVD,08/04/2020,E,1536,A,PB19-13535
PB19-13702,Education,5500 NORRIS ST,05/13/2020,E,968,1,A
PB19-13702,Education,5500 NORRIS ST,05/13/2020,B,4315,1,A
PB19-13721,Education,2900 LUBBOCK AVE,04/16/2020,S-1,1500,1,A
PB19-13721,Education,2900 LUBBOCK AVE,04/16/2020,A-3,5910,1,A
PB19-13721,Education,2900 LUBBOCK AVE,04/16/2020,B,1165,1,A
PB19-13807,Education,1085 EAGLE BLVD,08/04/2020,E,1536,A,PB19-13995
PB19-13995,Education,4501 BRIDGE ST,08/05/2020,E,3691,1,A
PB19-14428,Education,1570 BOLTON ST,09/07/2022,B,5786,3,A
PB19-14428,Education,1570 BOLTON ST,09/07/2022,S-1,9610,3,A
PB19-14428,Education,1570 BOLTON ST,09/07/2022,E,100065,3,A
PB19-15241,Education,10537 NW HIGHWAY 287,08/01/2022,E,32574,A,PB20-01080
PB20-01080,Education,2965 HULEN ST C,12/05/2022,B,685,1,A
PB20-01080,Education,2965 HULEN ST C,12/05/2022,A-3,2889,1,A
PB20-01082,Education,2973 HULEN ST D,12/05/2022,S-1,210,1,A
PB20-01082,Education,2973 HULEN ST D,12/05/2022,E,8642,1,A
PB20-01082,Education,2973 HULEN ST D,12/05/2022,B,148,1,A
PB20-01084,Education,4501 WEST FWY,07/10/2023,B,2856,1,A
PB20-01084,Education,4501 WEST FWY,07/10/2023,E,100921,1,A
PB20-01084,Education,4501 WEST FWY,07/10/2023,S-1,3669,1,A
PB20-01084,Education,4501 WEST FWY,07/10/2023,A-3,1182,1,A
PB20-01326,Education,7500 DUTCH BRANCH RD,07/29/2020,B,600,1,A
PB20-03793,Education,4001 THOM PSON RD,01/28/2022,E,5808,A,PB20-03793
PB20-03793,Education,4001 THOM PSON RD,01/28/2022,E,5591,A,PB20-03793
PB20-04524,Education,10301 BERKSHIRE LAKE BLVD,11/11/2021,E,71414,A,PB20-04524
PB20-05225,Education,1003 W CANNON ST,01/20/2023,B,10148,1,A
PB20-05225,Education,1003 W CANNON ST,01/20/2023,S-1,11695,1,A
PB20-05225,Education,1003 W CANNON ST,01/20/2023,E,67859,1,A
PB20-05479,Education,5074 WILLIE ST,03/08/2022,E,19444,A,PB20-05480
PB20-05630,Education,2400 E SEM INARY DR,01/10/2023,S-1,5436,1,A
PB20-05630,Education,2400 E SEM INARY DR,01/10/2023,E,171213,1,A
PB20-05630,Education,2400 E SEM INARY DR,01/10/2023,B,18829,1,A
PB20-05737,Education,1200 COOKS LN,08/03/2021,E,56138,2,A
PB20-05737,Education,1200 COOKS LN,08/03/2021,S-1,2737,2,A
PB20-05737,Education,1200 COOKS LN,08/03/2021,B,3118,2,A
PB20-05840,Education,8600 CURRENCY DR,07/08/2021,B,1500,A,PB20-05840
PB20-05869,Education,4351 CAM PUS DR,07/22/2022,A-3,472,1,A
PB20-05869,Education,4351 CAM PUS DR,07/22/2022,E,21803,1,A
PB20-05869,Education,4351 CAM PUS DR,07/22/2022,B,1020,1,A
PB20-05869,Education,4351 CAM PUS DR,07/22/2022,S-1,2576,1,A
PB20-05946,Education,1300 CONNER AVE,01/10/2023,B,659,1,A
PB20-05946,Education,1300 CONNER AVE,01/10/2023,S-1,4379,1,A
PB20-05946,Education,1300 CONNER AVE,01/10/2023,E,25368,1,A
PB20-05946,Education,1300 CONNER AVE,01/10/2023,E,7092,1,A
PB20-06155,Education,600 GRIGGS AVE,11/12/2020,E,10362,A,PB20-06157
PB20-07115,Education,7151 LAKE COUNTRY DR,08/12/2021,E,77197,A,PB20-07206
PB20-07206,Education,9228 S HULEN ST,09/29/2021,S-1,366,1,A
PB20-07362,Education,4400 PANOLA AVE,09/01/2021,E,47866,A,PB20-07606
PB20-07611,Education,5805 W BAILEY BOSWELL RD,03/03/2022,A-5,13529,A,PB20-07611
PB20-07851,Education,2935 E SEM INARY DR,11/30/2021,E,80411,A,PB20-07909
PB20-07909,Education,6101 M C CART AVE,04/05/2024,B,2772,1,A
PB20-07909,Education,6101 M C CART AVE,04/05/2024,E,65983,1,A
PB20-07909,Education,6101 M C CART AVE,04/05/2024,S-1,4678,1,A
PB20-07910,Education,6101 M C CART AVE,04/05/2024,E,462,1,A
PB20-08685,Education,4801 M ARINE CREEK PKWY,04/30/2021,B,560,A,PB20-09643
PB20-09643,Education,4801 M ARINE CREEK PKWY,03/30/2021,B,6000,1,A
PB20-09826,Education,3651 SANTOS DR T1,11/09/2020,E,601,A,PB20-09826
PB20-10681,Education,4801 M ARINE CREEK PKWY,03/30/2021,B,6000,1,A
PB20-11408,Education,2301 HORIZON DR,05/04/2021,B,35072,3,A
PB20-12913,Education,3000 CHERRY LN,11/09/2021,E,27582,A,PB20-16204
PB20-16206,Education,5100 EL CAMPO AVE,04/20/2021,E,1504,A,PB20-17044
PB20-17044,Education,5900 CROM WELL M ARINE CREEK RD,09/08/2022,I-4,1217,1,A
PB20-17044,Education,5900 CROM WELL M ARINE CREEK RD,09/08/2022,I-4,5852,1,A
PB20-17044,Education,5900 CROM WELL M ARINE CREEK RD,09/08/2022,I-4,329,1,A
PB20-17044,Education,5900 CROM WELL M ARINE CREEK RD,09/08/2022,S-1,2994,1,A
PB20-17766,Education,6101 M C CART AVE,04/05/2024,E,744,1,A
PB20-17767,Education,6101 M C CART AVE,04/05/2024,E,52,1,A
PB20-18281,Education,6900 BAYBERRY DR,10/18/2024,E,89271,A,PB20-18475
PB21-01512,Education,14700 OLD WEATHERFORD RD,02/06/2023,E,45011,A,PB21-01512
PB21-03032,Education,2001 EDERVILLE RD S,08/11/2021,E,1536,A,PB21-03035
PB21-03479,Education,3209 NW 33RD ST,11/28/2023,B,86,A,PB21-03479
PB21-03479,Education,3209 NW 33RD ST,11/28/2023,E,5438,A,PB21-03714
PB21-03716,Education,2211 M C KINLEY AVE,05/04/2022,E,1504,A,PB21-04521
PB21-04524,Education,6101 M C CART AVE,04/05/2024,E,660,1,A
PB21-04534,Education,6101 M C CART AVE,04/05/2024,E,877,1,A
PB21-04534,Education,6101 M C CART AVE,04/05/2024,E,2400,1,A
PB21-04534,Education,6101 M C CART AVE,04/05/2024,A-3,1466,1,A
PB21-04534,Education,6101 M C CART AVE,04/05/2024,A-3,18209,1,A
PB21-04534,Education,6101 M C CART AVE,04/05/2024,E,6509,1,A
PB21-05137,Education,1640 ALTAM ESA BLVD,01/13/2023,E,10425,A,PB21-05137
PB21-05565,Education,6801 DAN DANCIGER RD,08/25/2021,E,1536,A,PB21-05694
PB21-07792,Education,4801 M ARINE CREEK PKWY,04/13/2023,B,88209,1,A
PB21-07847,Education,2211 M C KINLEY AVE,05/04/2022,E,1536,A,PB21-08051
PB21-08052,Education,8201 PARKWOOD HILL BLVD,04/26/2023,E,3518,A,PB21-11843
PB21-12004,Education,2051 TEXAN DR A,11/04/2021,E,1536,A,PB21-12005
PB21-13089,Education,412 W BOLT ST,09/13/2022,A-3,8613,1,A
PB21-13089,Education,412 W BOLT ST,09/13/2022,A-2,2504,1,A
PB21-13089,Education,412 W BOLT ST,09/13/2022,E,36916,1,A
PB21-13089,Education,412 W BOLT ST,09/13/2022,B,3670,1,A
PB21-13089,Education,412 W BOLT ST,09/13/2022,A-2,1921,1,A
PB21-14545,Education,2900 S UNIVERSITY DR,12/07/2022,A-3,22560,1,A
PB21-14545,Education,2900 S UNIVERSITY DR,12/07/2022,S-1,17400,1,A
PB21-14545,Education,2900 S UNIVERSITY DR,12/07/2022,B,18229,1,A
PB21-14873,Education,3520 E BERRY ST,08/05/2022,B,12807,1,A
PB21-14873,Education,3520 E BERRY ST,08/05/2022,S-1,2193,1,A
PB21-14873,Education,3520 E BERRY ST,08/05/2022,E,20228,1,A
PB21-14873,Education,3520 E BERRY ST,08/05/2022,A-3,8467,1,A
PB21-14873,Education,3520 E BERRY ST,08/05/2022,U,2063,1,A
PB21-16606,Education,6101 M C CART AVE,04/05/2024,E,10012,1,A
PB21-16608,Education,6101 M C CART AVE,04/05/2024,E,10305,1,A
PB21-16608,Education,6101 M C CART AVE,04/05/2024,E,4494,1,A
PB21-16608,Education,6101 M C CART AVE,04/05/2024,E,39439,1,A
PB21-16608,Education,6101 M C CART AVE,04/05/2024,S-1,561,1,A
PB21-16608,Education,6101 M C CART AVE,04/05/2024,E,23776,1,A
PB21-16608,Education,6101 M C CART AVE,04/05/2024,B,3893,1,A
PB21-19666,Education,7639 HARRIS PKWY,08/01/2022,E,1600,1,A
PB21-20026,Education,8829 M C CART AVE,06/13/2023,A-3,16957,A,PB22-01542
PB22-01611,Education,3351 W BONDS RANCH RD,11/15/2024,B,77,1,A
PB22-01612,Education,10700 Shor tgr ass TRL,11/15/2024,B,77,1,A
PB22-01614,Education,3351 W Bonds Ranch RD,10/10/2024,A-5,3164,1,A
PB22-01614,Education,3351 W Bonds Ranch RD,10/10/2024,A-5,3080,1,A
PB22-01619,Education,10950 HILL FIELD LN,10/10/2024,A-3,30172,1,A
PB22-01619,Education,10950 HILL FIELD LN,10/10/2024,A-3,78883,1,A
PB22-01620,Education,10850 Shor tgr ass TRL,11/15/2024,A-5,3120,1,A
PB22-01622,Education,10850 Shor tgr ass TRL,11/15/2024,A-5,3319,1,A
PB22-01623,Education,10850 Shor tgr ass TRL,12/18/2024,B,4110,1,A
PB22-01623,Education,10850 Shor tgr ass TRL,12/18/2024,U,1683,1,A
PB22-01624,Education,10800 Shor tgr ass TRL,11/15/2024,A-5,3704,1,A
PB22-01626,Education,10700 Shor tgr ass TRL,12/18/2024,B,2885,1,A
PB22-01631,Education,10700 Shor tgr ass TRL,11/15/2024,U,1428,1,A
PB22-01631,Education,10700 Shor tgr ass TRL,11/15/2024,S-1,196,1,A
PB22-02453,Education,7655 HARRIS PKWY,08/07/2023,E,58396,A,PB22-02453
PB22-03344,Education,9001 NW HIGHWAY 287,10/23/2023,E,71984,A,PB22-03444
PB22-04215,Education,1989 COLONIAL PKWY,11/21/2023,A-3,7286,A,PB22-04298
PB22-06916,Education,5801 W RISINGER RD,01/26/2024,E,12520,A,PB22-07606
PB22-07606,Education,10351 ORCHARD WAY,12/28/2023,S-1,7973,1,A
PB22-07606,Education,10351 ORCHARD WAY,12/28/2023,E,88872,1,A
PB22-07606,Education,10351 ORCHARD WAY,12/28/2023,A-3,17240,1,A
PB22-08102,Education,"2309 TEXAN DR, BLDG 4",08/16/2022,E,7936,A,PB22-08166
PB22-08167,Education,"2305 TEXAN DR, BLDG 2",08/16/2022,E,2535,PB22-08492,Education
PB22-09073,Education,850 Mount Vista LANE,12/20/2023,E,31920,A,PB22-09073
PB22-09073,Education,850 Mount Vista LANE,12/20/2023,E,29979,A,PB22-09343
PB22-12018,Education,14117 BOREALIS DR,05/13/2024,A-2,5888,1,A
PB22-12018,Education,14117 BOREALIS DR,05/13/2024,S-1,1213,1,A
PB22-12018,Education,14117 BOREALIS DR,05/13/2024,B,1363,1,A
PB22-12018,Education,14117 BOREALIS DR,05/13/2024,E,88201,1,A
PB22-12018,Education,14117 BOREALIS DR,05/13/2024,A-3,5245,1,A
PB22-13390,Education,4801 M ARINE CREEK PKWY,12/21/2023,U,1704,A,PB22-15498
PB22-16868,Education,1220 HIGHWAY 114 RD,10/05/2023,I-4,13245,A,PB22-16919
PB22-16920,Education,1216 DIAMONDBACK LN,08/10/2023,E,2494,A,PB22-16921
PB22-16925,Education,16301 ELEM ENTARY DR,08/10/2023,E,2556,A,PB22-16927
PB22-17895,Education,1100 W ROSEDALE ST,07/10/2024,B,95000,1,A
PB22-20291,Education,300 EAST LOOP 820 FWY,08/01/2023,E,6382,A,PB22-20702
PB22-20702,Education,1100 W ROSEDALE ST,07/02/2024,B,87050,1,A
PB22-22062,Education,1989 COLONIAL PKWY,04/30/2024,A-3,10805,A,PB23-01801
PB23-01801,Education,2200 TEXAN DR,02/21/2025,A-2,2389,1,A
PB23-01801,Education,2200 TEXAN DR,02/21/2025,E,209,1,A
PB23-01801,Education,2200 TEXAN DR,02/21/2025,B,174,1,A
PB23-01844,Education,"16277 ELEM ENTARY DR, BLDG A",08/07/2023,E,1536,A,PB23-01848
PB23-01921,Education,12649 N CAYLOR RD,07/25/2024,A-2,3480,1,A
PB23-01921,Education,12649 N CAYLOR RD,07/25/2024,B,1587,1,A
PB23-01921,Education,12649 N CAYLOR RD,07/25/2024,E,14254,1,A
PB23-03051,Education,"2311 TEXAN DR, BLDG 5",08/21/2023,E,7952,A,PB23-03156
PB23-03156,Education,1073 CANYON M APLE DR,08/26/2024,E,33400,A,PB23-05371
PB23-05473,Education,5148 EAST JEWELL KELLY,08/01/2023,E,1504,A,PB23-06600
PB23-06809,Education,5548 Kilpatrick AVE,01/17/2025,E,32330,A,PB23-06855
PB23-07351,Education,"12665 N CAYLOR RD, BLDG 4",08/22/2023,E,1536,A,PB23-08231
PB23-08720,Education,4200 COUNTRY DAY LN,11/16/2023,E,2880,1,A
PB23-08732,Education,4200 COUNTRY DAY LN,11/16/2023,U,5645,1,A
PB23-08741,Education,4200 COUNTRY DAY LN,11/16/2023,U,1147,1,A
PB23-08747,Education,4200 COUNTRY DAY LN,11/16/2023,E,1536,1,A
PB23-08750,Education,4200 COUNTRY DAY LN,11/16/2023,E,1536,1,A
PB23-08752,Education,4200 COUNTRY DAY LN,11/16/2023,E,1536,1,A
PB23-08755,Education,4200 COUNTRY DAY LN,11/16/2023,E,1536,1,A
PB23-08759,Education,4200 COUNTRY DAY LN,11/16/2023,E,1536,1,A
PB23-08762,Education,4200 COUNTRY DAY LN,11/17/2023,E,1536,1,A
PB23-08773,Education,4200 COUNTRY DAY LN,11/17/2023,E,1536,1,A
PB23-08775,Education,4200 COUNTRY DAY LN,11/17/2023,E,1536,1,A
PB23-08777,Education,4200 COUNTRY DAY LN,11/17/2023,E,1536,1,A
PB23-08778,Education,4200 COUNTRY DAY LN,11/17/2023,E,1536,1,A
PB23-09469,Education,2400 E 1ST ST,07/24/2024,I-4,9307,A,PB23-12117
PB23-12117,Education,4200 COUNTRY DAY LN,05/21/2025,B,14452,1,A
PB23-15455,Education,6944 BLUE MOUND RD,02/28/2024,B,1650,A,PB23-16022
PB24-07267,Education,"3221 PECOS ST, UNIT M -172",10/14/2024,E,6144,A,PB24-07267
PB24-07267,Education,"3221 PECOS ST, UNIT M -172",10/14/2024,E,9055,A,PB24-07268
PB24-07269,Education,"3221 PECOS ST, UNIT M -109",09/05/2024,E,1536,A,PB24-07270
PB24-07271,Education,"3221 PECOS ST, UNIT M -9831",09/10/2024,E,1536,A,PB24-07272
PB24-07273,Education,"3221 PECOS ST, UNIT M -9828",10/14/2024,E,1536,A,PB24-07274
PB24-07275,Education,"3221 PECOS ST, UNIT M -9209",10/04/2024,E,1536,A,PB24-07276
PB24-07277,Education,"3221 PECOS ST, UNIT M -9704",10/04/2024,E,1536,A,PB24-07278
PB24-07279,Education,"3221 PECOS ST, UNIT M -9716",10/04/2024,E,1536,A,PB24-07280
PB24-07281,Education,"3221 PECOS ST, UNIT RR-1",09/09/2024,E,656,A,PB24-07282
PB24-10509,Education,1216 DIAMONDBACK LN,09/20/2024,E,1536,A,PO02-00907